Category,Feature,Specification,Implementation Status,Notes,Gap Analysis
,---MASTER BLUEPRINT (PAL_V4_Master_Blueprint.md)---,,,,,
Architecture,9-Layer Intelligence Architecture,"Full 9-layer architecture: Knowledge Graph, AI Agents, Content Engine, Backend, Engagement, Teacher Dashboard, Analytics, Privacy, Infrastructure","Not Implemented","UI calls V4 API endpoints but the actual engine does not exist","No Neo4j graph, no GenKit agents, no 9-layer processing"
Architecture,12-Step PAL Adaptive Loop,"Loop: Assess → Diagnose → Plan → Serve → Engage → Adapt → Support → Track → Report → Intervene → Review → Iterate","Not Implemented","Only surface-level UI for quiz taking","No step execution, no automatic adaptation"
Architecture,BKT (Bayesian Knowledge Tracing) Mastery Model,"BKT mastery tracking per concept with real-time Bayesian updates","Partially Implemented","pal-v4.ts has data structures for masteryScore, mastery_level in responses","No actual BKT computation, no Bayesian update engine"
Architecture,4-Stage HPC Architecture (NEP 2020),"Foundational (Bal Vatika-Gr2), Preparatory (G3-5), Middle (G6-8), Secondary (G9-12) with distinct competency priorities","Not Implemented","No stage-specific content delivery","No HPC integration, no NEP 2020 competency mapping"
Architecture,Stream → Mountain → Sky Progression,"3-tier rubric: Stream (2-3 steps), Mountain (4-5 steps with reasoning), Sky (5+ steps with creativity)","Partially Implemented","UI displays studentLevel in result page","No rubric engine, no automatic level assignment"
Architecture,Neo4j Knowledge Graph,"Nodes: Subject→Chapter→Concept→SubConcept→Content, Learner→Mastery→Path→Cell","Not Implemented","pal-v4.ts references this architecture","No Neo4j integration, no graph queries"
Architecture,GenKit AI Agents,"5 specialized agentic personas with autonomy levels: Assessor, Feedback, Path, Intervention, Conversational Tutor","Not Implemented","pal-v4.ts defines API endpoints for AI","No GenKit implementation, no agent orchestration"
Architecture,9-Dimension Student Model,"Competency, Social, Metacognition, Contextual, Engagement, Career, Wellness, Attendance, Behavioral","Partially Implemented","pal-v4.ts has dimensions for competency, social, metacognition, contextual","No actual multi-dimensional tracking, no data collection"
Architecture,Career Pathway Report (Grade 8-9),"6-year validated career aptitude profile with RIASEC, Gardner, NCDG, NSQF data","Not Implemented","No career data collection","No RIASEC profiling, no NCDG career mapping"
,---AI PEDAGOGY ENGINE (PAL_V4_AI_Pedagogy_Engine.md)---,,,,,
Pedagogy Engine,Tier 1: Mastery & Knowledge State Rules,"IF bkt_mastery < 0.40 → serve Concept Learning; IF 0.40-0.69 → Practice L1→L2→L3; etc.","Not Implemented","UI shows pedagogy recommendations","No Tier 1 rule execution"
Pedagogy Engine,Tier 2: Engagement State Rules,"IF engagement_score < 50 → inject game-based; IF session > 30min → suggest break; etc.","Not Implemented","No engagement score calculation","No engagement tracking, no intervention triggers"
Pedagogy Engine,Tier 3: Error & Misconception Rules,"IF wrong_answer AND misconception CONFIRMED → serve Misconception Library; IF no match → serve Concept variant","Partially Implemented","UI shows misconception modal and content generation","No pattern matching, no corrective routing"
Pedagogy Engine,Tier 4: Learning Style Rules,"IF learning_style = visual → prefer diagrams; IF auditory → prefer audio; etc.","Not Implemented","No learning style inference","No VARK profiling, no modality switching"
Pedagogy Engine,Engagement Score Composition,"time_on_task(0.30) + interaction_rate(0.25) + session_return(0.25) + voluntary_extension(0.20)","Not Implemented","No engagement score tracking","No real-time engagement calculation"
Pedagogy Engine,Pedagogy × Trigger Map,"24-row matrix mapping triggers to pedagogy, H5P type, duration","Not Implemented","UI displays pedagogy tags","No automatic pedagogy selection"
,---CONTENT INTELLIGENCE LAYER (PAL_V4_Content_Intelligence_Layer.md)---,,,,,
Content Model,4-Type Content Model,"Type 1: Concept Learning (4 variants), Type 2: Practice (5-level Bloom's), Type 3: Misconception Library, Type 4: Assessment Bank","Not Implemented","UI supports content categories","No content variant system, no type-based routing"
Content Model,5-Level Bloom's Ladder,"L1 Recall, L2 Understand, L3 Apply, L4 Analyze, L5 Evaluate/Create with mastery gates","Not Implemented","No Bloom's level tagging","No level progression gates, no L1-L5 difficulty bands"
Content Model,Complete Metadata Schema,"30+ fields: concept_id, bloom_level, difficulty, pedagogy_tag, language, grade, etc.","Partially Implemented","pal.ts has PalContentMapping interface","No full metadata collection, no authoring interface"
Content Model,Misconception Library,"Misconception nodes with pattern, severity, corrective_content, format variants","Partially Implemented","UI shows misconception questions with contentGenerated flag","No misconception pattern database, no corrective content library"
Content Model,Indian Cultural Context,"6 contexts: urban_market, agriculture_farm, sports_cricket, rural_village, festival_cultural, coastal_fishing","Not Implemented","No cultural context tagging","No India-specific scenario library"
Content Model,Multi-Language Support,"8 Indian language variants: en, hi, gu, ta, te, mr, bn, kn, ml","Not Implemented","No language variants","No vernacular content delivery"
Content Model,Content Authoring Interface,"WYSIWYG with TipTap/Quill, H5P embed, AI assistance, version control","Not Implemented","No authoring system","No content creation workflow"
,---H5P INTEGRATION (PAL_V4_Pedagogy_Frameworks_H5P.md)---,,,,,
H5P,xAPI Event Pipeline,"xAPI verb mapping: answered→assessment_answer, completed→content_completed, etc.","Not Implemented","No xAPI integration","No event capture, no H5P content types"
H5P,H5P Content Types,"17 types: Interactive Video, Course Presentation, Branching Scenario, Drag & Drop, Memory Game, etc.","Not Implemented","No H5P content delivery","No H5P library integration"
H5P,H5P Engagement Metadata,"Per-content: engagement_weight, avg_session_duration, completion_rate, fluency_trackable","Not Implemented","No engagement metadata","No content performance tracking"
,---GAMIFICATION & MOTIVATION (PAL_V4_Gamification_Motivation.md)---,,,,,
Gamification,Personal Best System,"Track fluency_records, streak_records, mastery_records, session_records with triggers","Not Implemented","No personal best tracking","No PB notification system, no record storage"
Gamification,Milestone Badge System,"17 badge types across 6 categories: Mastery, Fluency, Persistence, Curiosity, Social, Career","Not Implemented","No badge system","No badge display, no award triggers"
Gamification,Team Challenges,"Teacher-configured team challenges with aggregate progress","Not Implemented","No team challenges","No team composition, no team scoring"
Gamification,Career Quest,"4 stages: Explorer, Skill Builder, Pathway Seeker, Career Builder","Not Implemented","No career gamification","No skill path tracking, no quest system"
Gamification,Challenge Mode,"Opt-in speed-based challenges with leaderboard","Not Implemented","No challenge mode","No competitive features"
Gamification,Session Summary Screen,"Progress visualization, specific praise, upcoming concepts, streak display","Not Implemented","No session summary","No end-of-session celebration UI"
Gamification,Visibility Rules,"Complete matrix: Student sees own data only, Teacher sees all, Parent sees milestones","Not Implemented","No visibility governance","No access control per role"
,---PEDAGOGY FRAMEWORKS (PAL_V4_Pedagogy_Frameworks_H5P.md)---,,,,,
Frameworks,CASEL/SEL Integration,"5 domains: Self-Awareness, Self-Management, Social Awareness, Relationship Skills, Responsible Decision Making","Not Implemented","No CASEL tagging","No SEL evidence collection"
Frameworks,NGSS/STEM Framework,"8 practices: Asking Questions, Developing Models, Investigation, etc.","Not Implemented","No NGSS tagging","No STEM practice tracking"
Frameworks,NCDG Career Development,"8 goals: PS1, PS2, EDL1, EDL2, CM1, CM2, CM3, CM4","Not Implemented","No NCDG integration","No career development goal tracking"
Frameworks,12 Pedagogy Types,"inquiry_based, experiential, art_integrated, game_based, activity_based, project_based, flashcard, flipped_classroom, scenario_based, spiritual_science, competency_based, concept_sports","Partially Implemented","UI displays pedagogyType in content","No pedagogy selection engine, no pedagogy effectiveness tracking"
Frameworks,Music Framework,"Theory, Performance, Composition, Appreciation across 4 levels","Not Implemented","No music pathway","No music competency tracking"
Frameworks,Sports Framework,"Fitness, Technical, Tactical, Sportsmanship across 4 domains","Not Implemented","No sports pathway","No sports competency tracking"
Frameworks,Finance Framework,"Level 1 Literacy, Level 2 Products, Level 3 Planning, Level 4 Investing","Not Implemented","No finance pathway","No financial literacy tracking"
,---UNIFIED LEARNING UNITS (PAL_V4_Unified_Learning_Units.md)---,,,,,
ULU,5-Layer ULU Structure,"Academic Core + SEL Layer + STEM Practice + Career Signal + Real Skill in single unit","Not Implemented","No ULU structure","No multi-layer content, no holistic delivery"
ULU,ULU Scenario Template,"Context + Academic Hook + Decision Point + Reflection with India-specific scenarios","Not Implemented","No scenario structure","No branching scenarios, no real-world contexts"
ULU,6 Complete ULU Examples,"Grade 7 Math Percentages (Banking), Grade 6 Science Force/Motion (Kabaddi), etc.","Not Implemented","No example ULUs","No sample content, no reference implementations"
ULU,Content Optimization Loop,"completion_rate < 0.75 triggers review; avg_attempts_to_correct > 2.5 triggers hints","Not Implemented","No analytics loop","No drop-off detection, no content improvement triggers"
,---IMPLEMENTED FEATURES (pal/ module)---,,,,,
Implemented,PAL Landing Page,"Subject list with chapters, attempt history, student picker for staff","Implemented","Fully functional UI in /app/pal/page.tsx","Core UI complete but backend V4 engine not built"
Implemented,Intelligence Dashboard,"Learner state, velocity, plateau, regression, risk prediction display","Implemented","UI in /app/pal/intelligence/page.tsx","UI displays data but no actual prediction engine"
Implemented,Quiz/Exam Engine,"Timed quiz with timer, question navigation, answer tracking, submission","Implemented","Fully functional in /app/pal/exam/page.tsx","Uses legacy Laravel backend, not PAL V4 engine"
Implemented,Result Display,"Concept mastery matrix, score summary, answer review","Implemented","In /app/pal/result/page.tsx","Basic result display only"
Implemented,Misconception Modal,"View misconception questions, generate content, remediation display","Implemented","In main PAL page as modal","Basic UI only, no actual misconception library"
Implemented,Adaptive Practice,"Fetch and submit practice questions, strategy description","Implemented","In /app/pal/_components/PracticePanel.tsx","Uses legacy API, not V4 pedagogy engine"
Implemented,Spaced Repetition,"Review schedule with today/tomorrow/thisWeek/nextWeek buckets","Implemented","In PracticePanel.tsx","Basic UI, no SM-2 algorithm"
Implemented,Practice History,"Recent attempts, weekly progress chart, accuracy stats","Implemented","In PracticePanel.tsx","Basic history display"
Implemented,Student Picker,"Grade→Standard→Division cascade, student search, view-as-student","Implemented","In /app/pal/_components/StudentPicker.tsx","Fully functional"
Implemented,View-as-Student Context,"Persisted impersonation across PAL workspace pages","Implemented","In /app/pal/data/pal-view-as.ts","Robust cross-page state sharing"
Implemented,PAL Report Page,"Table with sorting, search, pagination, CSV/Excel/PDF/Print export","Implemented","In /app/pal/report/page.tsx","Comprehensive reporting"
Implemented,Personalize Marks,"Offline marks entry form for teachers","Implemented","In /app/pal/personalize-marks/page.tsx","Standalone feature"
Implemented,V4 API Data Layer,"TypeScript interfaces and fetch functions for PAL V4 backend","Implemented","In /app/pal/data/pal-v4.ts","Complete API contract but no backend"
Implemented,Legacy Fallback,"Fallback to legacy LMS API when V4 endpoints unavailable","Implemented","In /app/pal/data/pal-legacy.ts","Ensures graceful degradation"
,---CRITICAL GAPS SUMMARY---,,,,,
Critical,Backend PAL V4 Engine,"The V4 engine with BKT, Neo4j, GenKit agents does not exist","Not Implemented","Priority: Critical","Must be built before V4 can function"
Critical,Neo4j Graph Database,"Competency DAG, Learner States, Content Nodes, Learning Paths","Not Implemented","Priority: Critical","Database schema and queries not created"
Critical,GenKit AI Agents,"5 agents: Assessor, Feedback, Path Navigator, Intervention, Conversational Tutor","Not Implemented","Priority: Critical","Agent prompts and logic not implemented"
Critical,BKT Mastery Engine,"Bayesian knowledge tracing per concept with mastery gates","Not Implemented","Priority: High","No mastery calculation, no learning velocity"
Critical,Misconception Library,"Pattern database with corrective content and variants","Not Implemented","Priority: High","No misconception database, no pattern matching"
Critical,Content Intelligence,"4-type model, Bloom's ladder, metadata schema, authoring UI","Not Implemented","Priority: High","No structured content model"
Critical,H5P Integration,"17 content types with xAPI event pipeline","Not Implemented","Priority: High","No H5P library, no event capture"
Critical,Engagement Tracking,"Real-time engagement score with 4-signal composition","Not Implemented","Priority: High","No engagement data collection"
Critical,Pedagogy Engine,"4-tier IF/THEN rule system for content selection","Not Implemented","Priority: High","No adaptive pedagogy switching"
Critical,Gamification System,"Personal Best, badges, challenges, Career Quest","Not Implemented","Priority: Medium","No motivation mechanics"
Critical,Framework Integration,"CASEL, NGSS, NCDG, Music, Sports, Finance tagging","Not Implemented","Priority: Medium","No competency framework mapping"
Critical,ULU Structure,"5-layer unified learning units with India scenarios","Not Implemented","Priority: Medium","No holistic content design"
,---IMPLEMENTATION STATISTICS---,,,,,
Statistics,Total Specification Items,85,18,,67 items not implemented
Statistics,Fully Implemented,18,21%,"Landing, Intelligence UI, Quiz Engine, Result Display, Practice Panel, Spaced Repetition, History, Student Picker, View-as-Context, Report Page, Marks Entry, V4 API Layer, Legacy Fallback",67 items missing
Statistics,Partially Implemented,6,7%,"BKT mastery structures, Stream/Mountain/Sky display, 9-dimension model, pedagogy tags, misconception modal, content categories","Data structures exist but no processing logic"
Statistics,Not Implemented,61,72%,,Major system components missing
