model_class,file,table,table_source,migration_creates_table,tenant_col_in_migrations,fillable_count,guarded,no_mass_assignment_decl,hidden,sensitive_fields_in_fillable,soft_deletes,timestamps,global_scope,refs_controllers,refs_other_app,refs_models,refs_tests,duplicate_class_name
EvidenceEvent,app/CareerIntelligence/Evidence/EvidenceEvent.php,evidence_events,explicit,Y,N,18,,,N,,N,default,N,0,5,0,0,
Accesslog,app/Models/Accesslog.php,access_log_route,explicit,Y,Y,9,,,N,,N,false,N,0,1,0,0,
AiSop,app/Models/AiSop.php,ai_sops,explicit,Y,Y,10,,,N,,Y,default,N,1,0,0,0,
AuditLog,app/Models/AuditLog.php,system_audit_logs,explicit,Y,Y,,1,,N,,N,default,N,98,2,2,0,Y
Blog,app/Models/Blog.php,blogs,convention,Y,N,10,,,N,,N,default,N,1,0,0,0,
CsvData,app/Models/CsvData.php,csv_data,explicit,Y,N,3,,,N,,N,default,N,2,0,0,0,
CustomModuleTable,app/Models/CustomModuleTable.php,custom_module_tables,convention,Y,Y,,,Y,N,,N,default,N,1,0,0,0,
CustomModuleTableColumn,app/Models/CustomModuleTableColumn.php,custom_module_table_columns,convention,Y,N,,,Y,N,,N,default,N,1,0,1,0,
DocumentTemplate,app/Models/DocumentTemplate.php,document_templates,explicit,Y,Y,10,,,N,,N,default,N,1,0,1,0,
DocumentTemplateVersion,app/Models/DocumentTemplateVersion.php,document_template_versions,explicit,Y,Y,6,,,N,,N,default,N,1,0,1,0,
DynamicModel,app/Models/DynamicModel.php,(dynamic),dynamic,N,?,0,,,N,,N,default,N,1,0,0,0,
EmployeeMonthlySalaryData,app/Models/EmployeeMonthlySalaryData.php,employee_monthly_salary_datas,convention,N,?,10,,,N,,N,default,N,1,0,0,0,
EmployeeSalaryStructure,app/Models/EmployeeSalaryStructure.php,employee_salary_structures,convention,Y,Y,6,,,N,,N,default,N,1,0,0,0,
DecisionLog,app/Models/Eso/DecisionLog.php,eso_decision_log,explicit,Y,Y,8,,,N,,N,default,N,1,2,0,3,
LearnerNodeState,app/Models/Eso/LearnerNodeState.php,learner_node_state,explicit,Y,Y,17,,,N,,N,default,Y,2,16,0,11,
PilotEnrollment,app/Models/Eso/PilotEnrollment.php,pal_pilot_enrollments,explicit,Y,Y,8,,,N,,N,default,N,0,2,0,2,
ResponseLog,app/Models/Eso/ResponseLog.php,eso_response_log,explicit,Y,Y,9,,,N,,N,false,N,0,4,0,2,
FeesCollect,app/Models/FeesCollect.php,fees_collect,explicit,Y,Y,46,,,N,,N,false,N,1,2,1,0,Y
FormSubmitData,app/Models/FormSubmitData.php,form_submit_data,explicit,Y,Y,10,,,N,,N,default,N,2,0,0,0,
FormTable,app/Models/FormTable.php,form_builder,explicit,Y,N,7,,,N,,N,false,N,2,0,0,0,
AiCourseOutline,app/Models/G2gLms/AiCourseOutline.php,ai_course_outlines,explicit,Y,Y,16,,,N,,Y,default,N,1,0,0,0,
CompetencyAssessment,app/Models/G2gLms/CompetencyAssessment.php,s_competency_assessments,explicit,Y,Y,,1,,N,,Y,default,N,0,0,1,0,
CompetencyAssessmentCycle,app/Models/G2gLms/CompetencyAssessmentCycle.php,s_competency_assessment_cycles,explicit,Y,Y,,1,,N,,Y,default,N,0,0,1,0,
CompetencyAssessmentQuestion,app/Models/G2gLms/CompetencyAssessmentQuestion.php,competency_assessment_question,explicit,Y,Y,,1,,N,,N,default,N,0,0,2,0,
CompetencyAssessmentResponse,app/Models/G2gLms/CompetencyAssessmentResponse.php,competency_assessment_response,explicit,Y,Y,,1,,N,,N,default,N,0,0,1,0,
CompetencyAssessmentTest,app/Models/G2gLms/CompetencyAssessmentTest.php,competency_assessment_test,explicit,Y,Y,,1,,N,,Y,default,N,0,0,1,0,
LmsCertificate,app/Models/G2gLms/LmsCertificate.php,lms_certificates,explicit,Y,Y,21,,,N,,Y,default,N,0,0,0,0,
LmsCourseEnroll,app/Models/G2gLms/LmsCourseEnroll.php,lms_course_enroll,explicit,Y,Y,12,,,N,,Y,true,N,0,0,0,0,
LmsCoursePrerequisite,app/Models/G2gLms/LmsCoursePrerequisite.php,lms_course_prerequisites,explicit,Y,Y,4,,,N,,Y,default,N,0,0,0,0,
LmsCourseSetting,app/Models/G2gLms/LmsCourseSetting.php,lms_course_settings,explicit,Y,Y,21,,,N,,Y,default,N,0,0,0,0,
LmsIntegration,app/Models/G2gLms/LmsIntegration.php,lms_integrations,explicit,Y,Y,,1,,N,,Y,default,N,0,0,0,0,
LmsTrainer,app/Models/G2gLms/LmsTrainer.php,lms_trainers,explicit,Y,Y,,1,,N,,Y,default,N,0,0,1,0,
LmsVendor,app/Models/G2gLms/LmsVendor.php,lms_vendors,explicit,Y,Y,,1,,N,,Y,default,N,0,0,1,0,
SuggestedCourse,app/Models/G2gLms/SuggestedCourse.php,suggested_course,explicit,Y,Y,8,,,N,,Y,default,N,0,0,0,0,
userShiftMaster,app/Models/HRMS/userShiftMaster.php,tbluser_shift_master,explicit,Y,Y,,,Y,N,,Y,default,N,2,0,0,0,
userShiftRecord,app/Models/HRMS/userShiftRecord.php,tbluser_shift_records,explicit,Y,Y,,,Y,N,,Y,default,N,1,0,0,0,
HrmsAttendance,app/Models/HrmsAttendance.php,hrms_attendances,convention,Y,Y,,,Y,N,,N,default,N,4,0,0,0,
HrmsDepartment,app/Models/HrmsDepartment.php,hrms_departments,convention,Y,Y,,,Y,N,,N,default,N,8,0,4,0,
HrmsEmpLeave,app/Models/HrmsEmpLeave.php,hrms_emp_leaves,convention,Y,N,,1,,N,,Y,default,N,2,1,0,0,
HrmsHoliday,app/Models/HrmsHoliday.php,hrms_holidays,convention,Y,N,,1,,N,,Y,default,N,1,0,0,0,
HrmsInOutTime,app/Models/HrmsInOutTime.php,hrms_in_out_times,convention,Y,Y,,,Y,N,,N,default,N,3,0,0,0,
HrmsJobTitle,app/Models/HrmsJobTitle.php,hrms_job_titles,convention,Y,Y,,,Y,N,,N,default,N,4,0,0,0,
HrmsLeaveRolePermission,app/Models/HrmsLeaveRolePermission.php,hrms_leave_role_permissions,explicit,Y,Y,,1,,N,,Y,default,N,1,0,0,0,
HrmsLeaveType,app/Models/HrmsLeaveType.php,hrms_leave_types,convention,Y,Y,,1,,N,,Y,default,N,3,1,1,0,
HrmsLeaveWorkflowSetting,app/Models/HrmsLeaveWorkflowSetting.php,hrms_leave_workflow_settings,explicit,Y,Y,,1,,N,,Y,default,N,1,0,0,0,
HrmsWeekday,app/Models/HrmsWeekday.php,hrms_weekdays,convention,Y,N,,1,,N,,Y,default,N,1,0,0,0,
IncomingMessage,app/Models/IncomingMessage.php,incoming_messages,convention,Y,N,,,Y,N,,N,default,N,2,0,1,0,
InteractionLog,app/Models/InteractionLog.php,interaction_logs,explicit,Y,Y,12,,,N,,N,default,N,1,1,0,0,
LibraryBook,app/Models/LibraryBook.php,library_books,convention,Y,N,,1,,N,,Y,default,N,2,0,1,0,
LibraryBookCirculation,app/Models/LibraryBookCirculation.php,library_book_circulations,convention,Y,N,,1,,N,,Y,default,N,2,0,2,0,
LibraryItem,app/Models/LibraryItem.php,library_items,convention,Y,N,,1,,N,,Y,default,N,3,0,1,0,
ONetDataCategory,app/Models/ONetDataCategory.php,o_net_data_categories,convention,Y,N,,,Y,N,,N,default,N,2,2,0,0,
ONetDataOccupation,app/Models/ONetDataOccupation.php,o_net_data_occupations,convention,Y,N,,,Y,N,,N,default,N,2,3,0,0,
ONetDataSubCategory,app/Models/ONetDataSubCategory.php,o_net_data_sub_categories,convention,Y,N,,,Y,N,,N,default,N,2,1,1,0,
ONetDataTable,app/Models/ONetDataTable.php,o_net_data_tables,convention,Y,N,,,Y,N,,N,default,N,2,1,0,0,
ONetDataTableList,app/Models/ONetDataTableList.php,o_net_data_table_lists,convention,Y,N,,,Y,N,,N,default,N,0,1,0,0,
ONetOccupationDetail,app/Models/ONetOccupationDetail.php,o_net_occupation_details,convention,Y,N,,,Y,N,,N,default,N,2,3,0,0,
ONetOccupationDetailAbilitiesSummery,app/Models/ONetOccupationDetailAbilitiesSummery.php,o_net_occupation_detail_abilities_summeries,convention,Y,N,,,Y,N,,N,default,N,2,3,0,0,
ONetOccupationDetailEducationSummery,app/Models/ONetOccupationDetailEducationSummery.php,o_net_occupation_detail_education_summeries,convention,Y,N,,,Y,N,,N,default,N,2,2,0,0,
ONetOccupationDetailInterestSummery,app/Models/ONetOccupationDetailInterestSummery.php,o_net_occupation_detail_interest_summeries,convention,Y,N,,,Y,N,,N,default,N,2,2,0,0,
ONetOccupationDetailJobZoneSummery,app/Models/ONetOccupationDetailJobZoneSummery.php,o_net_occupation_detail_job_zone_summeries,convention,Y,N,,,Y,N,,N,default,N,2,2,0,0,
ONetOccupationDetailKnowledgeSummery,app/Models/ONetOccupationDetailKnowledgeSummery.php,o_net_occupation_detail_knowledge_summeries,convention,Y,N,,,Y,N,,N,default,N,2,3,0,0,
ONetOccupationDetailList,app/Models/ONetOccupationDetailList.php,o_net_occupation_detail_lists,convention,Y,N,,,Y,N,,N,default,N,2,12,0,0,
ONetOccupationDetailListSummary,app/Models/ONetOccupationDetailListSummary.php,o_net_occupation_detail_list_summaries,convention,Y,N,,,Y,N,,N,default,N,2,3,0,0,
ONetOccupationDetailSkillSummery,app/Models/ONetOccupationDetailSkillSummery.php,o_net_occupation_detail_skill_summeries,convention,Y,N,,,Y,N,,N,default,N,2,3,0,0,
ONetOccupationDetailTechSkillSummery,app/Models/ONetOccupationDetailTechSkillSummery.php,o_net_occupation_detail_tech_skill_summeries,convention,Y,N,,,Y,N,,N,default,N,2,4,0,0,
ONetOccupationDetailWorkActivitySummery,app/Models/ONetOccupationDetailWorkActivitySummery.php,o_net_occupation_detail_work_activity_summeries,convention,Y,N,,,Y,N,,N,default,N,2,6,0,0,
ONetOccupationDetailWorkStyleSummery,app/Models/ONetOccupationDetailWorkStyleSummery.php,o_net_occupation_detail_work_style_summeries,convention,Y,N,,,Y,N,,N,default,N,2,3,0,0,
ONetOccupationDetailWorkValueSummery,app/Models/ONetOccupationDetailWorkValueSummery.php,o_net_occupation_detail_work_value_summeries,convention,Y,N,,,Y,N,,N,default,N,2,2,0,0,
ComplianceCategory,app/Models/OrganizationManagement/ComplianceCategory.php,compliance_categories,explicit,Y,Y,7,,,N,,Y,default,N,2,0,2,0,
ComplianceEvidence,app/Models/OrganizationManagement/ComplianceEvidence.php,compliance_evidence,explicit,Y,Y,12,,,N,,Y,default,N,2,0,1,0,
ComplianceLibraryRecord,app/Models/OrganizationManagement/ComplianceLibraryRecord.php,org_compliance_library,explicit,Y,Y,21,,,N,,Y,default,N,3,2,2,0,
ComplianceTemplate,app/Models/OrganizationManagement/ComplianceTemplate.php,compliance_templates,explicit,Y,Y,11,,,N,,Y,default,N,2,0,0,0,
DisciplinaryRecord,app/Models/OrganizationManagement/DisciplinaryRecord.php,org_disciplinary_library,explicit,Y,Y,15,,,N,,Y,default,N,1,0,0,0,
AdaptiveResponse,app/Models/PAL/AdaptiveResponse.php,pal_adaptive_response,explicit,Y,Y,11,,,N,,N,false,N,0,0,0,0,
Competency,app/Models/PAL/Competency.php,pal_competencies,explicit,Y,N,7,,,N,,N,default,N,38,22,3,1,
Concept,app/Models/PAL/Concept.php,pal_concepts,explicit,Y,N,10,,,N,,N,default,N,12,53,4,20,
ConceptMastery,app/Models/PAL/ConceptMastery.php,pal_concept_mastery,explicit,N,?,12,,,N,,N,default,N,0,2,0,0,
ConceptMetadata,app/Models/PAL/ConceptMetadata.php,pal_concept_metadata,explicit,Y,Y,20,,,N,,N,default,N,0,3,1,0,
ConceptNode,app/Models/PAL/ConceptNode.php,pal_concept_nodes,explicit,Y,Y,7,,,N,,N,default,N,1,13,1,1,
ConceptRelation,app/Models/PAL/ConceptRelation.php,pal_concept_relations,explicit,Y,Y,12,,,N,,N,default,N,0,1,2,0,
ConceptVideo,app/Models/PAL/ConceptVideo.php,pal_concept_video,explicit,Y,Y,25,,,N,,N,default,N,1,2,0,0,
ContentMetadata,app/Models/PAL/ContentMetadata.php,pal_content_metadata,explicit,Y,Y,53,,,N,,N,default,N,2,4,0,3,
ContentReviewLog,app/Models/PAL/ContentReviewLog.php,pal_content_review_log,explicit,Y,Y,9,,,N,,N,default,N,1,1,0,0,
CurriculumVersion,app/Models/PAL/CurriculumVersion.php,pal_curriculum_versions,explicit,Y,Y,9,,,N,,N,default,N,0,1,0,1,
DiagnosticAttempt,app/Models/PAL/DiagnosticAttempt.php,pal_diagnostic_attempt,explicit,Y,Y,18,,,N,,N,false,N,1,3,1,0,
DiagnosticResponse,app/Models/PAL/DiagnosticResponse.php,pal_diagnostic_response,explicit,Y,N,11,,,N,,N,false,N,0,0,2,0,
FrameworkProgress,app/Models/PAL/FrameworkProgress.php,pal_framework_progress,explicit,Y,N,8,,,N,,N,default,N,0,2,0,0,
Badge,app/Models/PAL/Gamification/Badge.php,pal_badges,explicit,Y,N,16,,,N,,N,default,N,1,2,1,0,
CareerQuestState,app/Models/PAL/Gamification/CareerQuestState.php,pal_career_quest_states,explicit,Y,N,8,,,N,,N,default,N,0,2,0,0,
ChallengeModeOptIn,app/Models/PAL/Gamification/ChallengeModeOptIn.php,pal_challenge_mode_optins,explicit,Y,N,4,,,N,,N,default,N,0,1,0,0,
ChallengeModeScore,app/Models/PAL/Gamification/ChallengeModeScore.php,pal_challenge_mode_scores,explicit,Y,Y,17,,,N,,N,default,N,0,2,0,0,
ChallengeModeSetting,app/Models/PAL/Gamification/ChallengeModeSetting.php,pal_challenge_mode_settings,explicit,Y,Y,7,,,N,,N,default,N,0,1,0,0,
GamificationNotification,app/Models/PAL/Gamification/GamificationNotification.php,pal_gamification_notifications,explicit,Y,N,7,,,N,,N,default,N,0,6,0,0,
LearnerBadge,app/Models/PAL/Gamification/LearnerBadge.php,pal_learner_badges,explicit,Y,N,8,,,N,,N,default,N,0,1,1,0,
LearnerStreak,app/Models/PAL/Gamification/LearnerStreak.php,pal_learner_streaks,explicit,Y,N,9,,,N,,N,default,N,0,1,0,0,
PersonalBest,app/Models/PAL/Gamification/PersonalBest.php,pal_personal_bests,explicit,Y,N,10,,,N,,N,default,N,0,1,0,0,
PersonalBestEvent,app/Models/PAL/Gamification/PersonalBestEvent.php,pal_personal_best_events,explicit,Y,N,10,,,N,,N,default,N,0,2,0,0,
StreakDay,app/Models/PAL/Gamification/StreakDay.php,pal_streak_days,explicit,Y,N,6,,,N,,N,default,N,0,1,0,0,
TeamChallenge,app/Models/PAL/Gamification/TeamChallenge.php,pal_team_challenges,explicit,Y,Y,26,,,N,,N,default,N,1,1,1,0,
TeamChallengeContribution,app/Models/PAL/Gamification/TeamChallengeContribution.php,pal_team_challenge_contributions,explicit,Y,N,6,,,N,,N,default,N,0,1,1,0,
H5PNodeMetadata,app/Models/PAL/H5PNodeMetadata.php,pal_h5p_node_metadata,explicit,Y,Y,34,,,N,,N,default,N,0,1,0,0,
LearnerContentExposure,app/Models/PAL/LearnerContentExposure.php,pal_learner_content_exposure,explicit,Y,Y,17,,,N,,N,default,N,1,4,0,0,
LearnerState,app/Models/PAL/LearnerState.php,pal_learner_states,explicit,Y,N,9,,,N,,N,default,N,0,1,0,0,
LearningEvidence,app/Models/PAL/LearningEvidence.php,pal_learning_evidence,explicit,Y,N,14,,,N,,N,default,N,0,2,0,0,
LearningRelation,app/Models/PAL/LearningRelation.php,pal_learning_relations,explicit,Y,Y,11,,,N,,N,default,N,0,1,1,0,
MisconceptionCorrective,app/Models/PAL/MisconceptionCorrective.php,pal_misconception_corrective,explicit,Y,Y,20,,,N,,N,default,N,3,4,1,1,
MisconceptionLibrary,app/Models/PAL/MisconceptionLibrary.php,pal_misconception_library,explicit,Y,Y,22,,,N,,N,default,N,2,7,1,1,
LearningSession,app/Models/PAL/Models.php,pal_learning_sessions,explicit,Y,N,11,,,N,,N,default,N,0,7,0,0,
PedagogyEngineModule,app/Models/PAL/PedagogyEngineModule.php,pal_pedagogy_engine_modules,explicit,Y,N,7,,,N,,N,default,N,0,1,0,0,
PedagogyEngineRule,app/Models/PAL/PedagogyEngineRule.php,pal_pedagogy_engine_rules,explicit,Y,N,14,,,N,,N,default,N,0,1,1,0,
PedagogyEngineSection,app/Models/PAL/PedagogyEngineSection.php,pal_pedagogy_engine_sections,explicit,Y,N,12,,,N,,N,default,N,0,1,1,0,
QuestionMetadata,app/Models/PAL/QuestionMetadata.php,pal_question_metadata,explicit,Y,Y,71,,,N,,N,default,N,2,9,1,6,
RelationAudit,app/Models/PAL/RelationAudit.php,pal_relation_audit,explicit,Y,Y,12,,,N,,N,false,N,0,0,0,0,
UnifiedLearningUnit,app/Models/PAL/UnifiedLearningUnit.php,pal_unified_learning_units,explicit,Y,N,37,,,N,,N,default,N,1,2,0,1,
PayrollType,app/Models/PayrollType.php,payroll_types,convention,Y,Y,5,,,N,,N,default,N,5,1,0,0,
PlatformNotificationChannel,app/Models/Platform/PlatformNotificationChannel.php,platform_notification_channels,explicit,Y,Y,4,,,N,,N,default,N,1,0,1,0,
PlatformNotificationPreference,app/Models/Platform/PlatformNotificationPreference.php,platform_notification_preferences,explicit,Y,Y,7,,,N,,N,default,N,1,0,0,0,
PlatformScheduledTask,app/Models/Platform/PlatformScheduledTask.php,platform_scheduled_tasks,explicit,Y,Y,14,,,N,,N,default,N,1,0,0,0,
PlatformWorkflow,app/Models/Platform/PlatformWorkflow.php,platform_workflows,explicit,Y,Y,13,,,N,,N,default,N,1,1,0,0,
ReportDynamic,app/Models/ReportDynamic.php,report_dynamic,explicit,N,?,8,,,N,,N,default,N,0,1,0,0,
ResultLock,app/Models/ResultLock.php,result_locks,explicit,Y,Y,,1,,N,,N,default,N,1,0,0,0,
MobilityApplication,app/Models/TalentManagement/MobilityApplication.php,s_mobility_applications,explicit,Y,Y,,ALL(guarded=[]),,N,,Y,default,N,1,0,1,0,
MobilityJob,app/Models/TalentManagement/MobilityJob.php,s_mobility_jobs,explicit,Y,Y,,ALL(guarded=[]),,N,,Y,default,N,2,0,1,0,
MobilityJobRole,app/Models/TalentManagement/MobilityJobRole.php,s_user_jobrole,explicit,N,?,,ALL(guarded=[]),,N,,N,default,N,0,0,1,0,
MobilityPromotion,app/Models/TalentManagement/MobilityPromotion.php,s_mobility_promotions,explicit,Y,Y,,ALL(guarded=[]),,N,,Y,default,N,1,0,0,0,
MobilitySuccessionPlan,app/Models/TalentManagement/MobilitySuccessionPlan.php,s_mobility_succession_plans,explicit,Y,Y,,ALL(guarded=[]),,N,,Y,default,N,1,0,1,0,
MobilityTalentPool,app/Models/TalentManagement/MobilityTalentPool.php,s_mobility_talent_pools,explicit,Y,Y,,ALL(guarded=[]),,N,,Y,default,N,1,0,1,0,
MobilityTalentPoolMember,app/Models/TalentManagement/MobilityTalentPoolMember.php,s_mobility_talent_pool_members,explicit,Y,N,,ALL(guarded=[]),,N,,N,default,N,1,0,1,0,
MobilityTransfer,app/Models/TalentManagement/MobilityTransfer.php,s_mobility_transfers,explicit,Y,Y,,ALL(guarded=[]),,N,,Y,default,N,1,0,0,0,
PerformanceActivityLog,app/Models/TalentManagement/PerformanceActivityLog.php,s_performance_activity_log,explicit,Y,Y,,1,,N,,N,default,N,0,0,0,0,
PerformanceAppraisal,app/Models/TalentManagement/PerformanceAppraisal.php,s_performance_appraisals,explicit,Y,Y,,1,,N,,Y,default,N,1,0,0,0,
PerformanceAttachment,app/Models/TalentManagement/PerformanceAttachment.php,s_performance_attachments,explicit,Y,Y,,1,,N,,Y,default,N,1,0,0,0,
PerformanceBonusAward,app/Models/TalentManagement/PerformanceBonusAward.php,s_performance_bonus_awards,explicit,Y,Y,,1,,N,,Y,default,N,1,0,0,0,
PerformanceCalibrationSession,app/Models/TalentManagement/PerformanceCalibrationSession.php,s_performance_calibration_sessions,explicit,Y,Y,,1,,N,,Y,default,N,1,0,0,0,
PerformanceCompensationRevision,app/Models/TalentManagement/PerformanceCompensationRevision.php,s_performance_compensation_revisions,explicit,Y,Y,,1,,N,,Y,default,N,1,0,0,0,
PerformanceCycle,app/Models/TalentManagement/PerformanceCycle.php,s_performance_cycles,explicit,Y,Y,,1,,N,,Y,default,N,1,0,1,0,
PerformanceGoal,app/Models/TalentManagement/PerformanceGoal.php,s_performance_goals,explicit,Y,Y,,1,,N,,Y,default,N,1,0,1,0,
PerformanceNote,app/Models/TalentManagement/PerformanceNote.php,s_performance_notes,explicit,Y,Y,,1,,N,,Y,default,N,1,0,0,0,
PerformanceReview,app/Models/TalentManagement/PerformanceReview.php,s_performance_reviews,explicit,Y,Y,,1,,N,,Y,default,N,2,0,3,0,
PerformanceSavedView,app/Models/TalentManagement/PerformanceSavedView.php,s_performance_saved_views,explicit,Y,Y,,1,,N,,Y,default,N,1,0,0,0,
TalentEvaluationForm,app/Models/TalentManagement/TalentEvaluationForm.php,talent_evaluation_form,explicit,Y,Y,13,,,N,,Y,default,N,3,0,0,0,
TalentInterviewPanel,app/Models/TalentManagement/TalentInterviewPanel.php,talent_interview_panel,explicit,Y,Y,9,,,N,,Y,default,N,1,0,1,0,
TalentInterviewSchedule,app/Models/TalentManagement/TalentInterviewSchedule.php,talent_interview_schedules,explicit,Y,Y,16,,,N,,Y,default,N,3,0,1,0,
TalentJobApplication,app/Models/TalentManagement/TalentJobApplication.php,talent_job_applications,explicit,Y,Y,19,,,N,,Y,default,N,6,0,2,0,
TalentJobPosting,app/Models/TalentManagement/TalentJobPosting.php,talent_job_postings,explicit,Y,Y,,1,,N,,Y,default,N,4,0,2,0,
TalentOffboardingCase,app/Models/TalentManagement/TalentOffboardingCase.php,talent_offboarding_cases,explicit,Y,Y,,1,,N,,Y,default,N,1,0,0,0,
TalentOffer,app/Models/TalentManagement/TalentOffer.php,talent_offers,explicit,Y,Y,18,,,N,,Y,default,N,2,0,0,0,
TalentOfferTemplate,app/Models/TalentManagement/TalentOfferTemplate.php,talent_offer_templates,explicit,Y,Y,8,,,N,,Y,default,N,1,0,0,0,
TalentOnboardingActivityLog,app/Models/TalentManagement/TalentOnboardingActivityLog.php,talent_onboarding_activity_log,explicit,Y,Y,,1,,N,,N,default,N,0,0,0,0,
TalentOnboardingDocument,app/Models/TalentManagement/TalentOnboardingDocument.php,talent_onboarding_documents,explicit,Y,Y,,1,,N,,Y,default,N,1,0,1,0,
TalentOnboardingJourney,app/Models/TalentManagement/TalentOnboardingJourney.php,talent_onboarding_journeys,explicit,Y,Y,,1,,N,,Y,default,N,6,0,4,0,
TalentOnboardingJourneyStage,app/Models/TalentManagement/TalentOnboardingJourneyStage.php,talent_onboarding_journey_stages,explicit,Y,Y,,1,,N,,Y,default,N,1,0,1,0,
TalentOnboardingNote,app/Models/TalentManagement/TalentOnboardingNote.php,talent_onboarding_notes,explicit,Y,Y,,1,,N,,Y,default,N,1,0,1,0,
TalentOnboardingTask,app/Models/TalentManagement/TalentOnboardingTask.php,talent_onboarding_tasks,explicit,Y,Y,,1,,N,,Y,default,N,1,0,1,0,
TalentScreeningResult,app/Models/TalentManagement/TalentScreeningResult.php,talent_screening_results,explicit,Y,Y,14,,,N,,Y,default,N,1,0,0,0,
TalentWorkflow,app/Models/TalentManagement/TalentWorkflow.php,talent_workflows,explicit,Y,Y,,1,,N,,Y,default,N,1,0,2,0,
TalentWorkflowApprover,app/Models/TalentManagement/TalentWorkflowApprover.php,talent_workflow_approvers,explicit,Y,N,,1,,N,,N,default,N,1,0,1,0,
TalentWorkflowStage,app/Models/TalentManagement/TalentWorkflowStage.php,talent_workflow_stages,explicit,Y,N,,1,,N,,N,default,N,1,0,1,0,
AttachmentVersion,app/Models/TaskManagement/AttachmentVersion.php,task_management_attachment_versions,explicit,Y,Y,,1,,N,,N,default,N,0,0,1,0,
AuditLog,app/Models/TaskManagement/AuditLog.php,task_management_audit_logs,explicit,Y,Y,,1,,N,,N,default,N,98,2,2,0,Y
Comment,app/Models/TaskManagement/Comment.php,task_management_comments,explicit,Y,Y,,1,,N,,N,default,N,3,1,1,0,
DeadlineExtension,app/Models/TaskManagement/DeadlineExtension.php,task_deadline_extensions,explicit,Y,Y,,1,,N,,N,default,N,0,0,1,0,
IdempotencyKey,app/Models/TaskManagement/IdempotencyKey.php,task_management_idempotency_keys,explicit,Y,Y,,1,,N,,N,default,N,0,0,0,0,
Milestone,app/Models/TaskManagement/Milestone.php,task_management_milestones,explicit,Y,Y,,1,,N,,N,default,N,1,0,2,0,
Notification,app/Models/TaskManagement/Notification.php,task_management_notifications,explicit,Y,Y,,1,,N,,N,default,N,24,6,0,0,
Project,app/Models/TaskManagement/Project.php,task_management_projects,explicit,Y,Y,,1,,N,,Y,default,N,8,9,5,0,
ProjectMember,app/Models/TaskManagement/ProjectMember.php,task_management_project_members,explicit,Y,Y,,1,,N,,N,default,N,0,0,1,0,
ProjectTask,app/Models/TaskManagement/ProjectTask.php,task_management_project_tasks,explicit,Y,Y,,1,,N,,N,default,N,0,0,3,0,
Recurrence,app/Models/TaskManagement/Recurrence.php,task_management_recurrences,explicit,Y,Y,,1,,N,,N,default,N,1,0,1,0,
Subtask,app/Models/TaskManagement/Subtask.php,task_management_subtasks,explicit,Y,Y,,1,,N,,N,default,N,1,0,1,0,
Task,app/Models/TaskManagement/Task.php,task,explicit,Y,Y,,1,,N,,N,false,N,35,10,12,1,
TaskDependency,app/Models/TaskManagement/TaskDependency.php,task_management_dependencies,explicit,Y,Y,,1,,N,,N,default,N,1,0,0,0,
TaskPriorityOption,app/Models/TaskManagement/TaskPriorityOption.php,task_management_priorities,explicit,Y,Y,,1,,N,,N,default,N,0,0,0,0,
TaskStatusHistory,app/Models/TaskManagement/TaskStatusHistory.php,task_status_history,explicit,Y,Y,,1,,N,,N,false,N,1,0,1,0,
TaskStatusOption,app/Models/TaskManagement/TaskStatusOption.php,task_management_statuses,explicit,Y,Y,,1,,N,,N,default,N,0,0,0,0,
Template,app/Models/TaskManagement/Template.php,task_management_templates,explicit,Y,Y,,1,,N,,N,default,N,14,10,0,1,
TimeEntry,app/Models/TaskManagement/TimeEntry.php,task_management_time_entries,explicit,Y,Y,,1,,N,,N,default,N,0,0,1,0,
Workstream,app/Models/TaskManagement/Workstream.php,task_management_workstreams,explicit,Y,Y,,1,,N,,N,default,N,1,0,4,0,
User,app/Models/User.php,users,convention,Y,N,3,,,Y,password,N,default,N,45,14,4,2,
UserExperienceDetail,app/Models/UserExperienceDetail.php,user_experience_details,explicit,Y,Y,8,,,N,,N,default,N,1,0,0,0,
WhatappUserDetail,app/Models/WhatappUserDetail.php,whatapp_user_details,convention,Y,Y,,,Y,N,,N,default,N,3,1,0,0,
WhatsappSentMessage,app/Models/WhatsappSentMessage.php,whatsapp_sent_messages,convention,Y,Y,,,Y,N,,N,default,N,2,1,0,0,
admissionEnquiryModel,app/Models/admission/admissionEnquiryModel.php,admission_enquiry,explicit,Y,Y,67,,,N,aadharcard_number,Y,false,N,8,0,0,0,
admissionFollowUpModel,app/Models/admission/admissionFollowUpModel.php,follow_up,explicit,Y,Y,6,,,N,,N,false,N,1,0,0,0,
admissionFormModel,app/Models/admission/admissionFormModel.php,admission_form,explicit,Y,Y,25,,,N,,N,false,N,3,0,0,0,
admissionRegistrationModel,app/Models/admission/admissionRegistrationModel.php,admission_registration,explicit,Y,Y,30,,,N,aadhar_number,N,false,N,3,0,0,0,
attendanceJsonResultModel,app/Models/attendanceJsonResultModel.php,attendance_json_result,explicit,Y,Y,5,,,N,,N,false,N,1,0,0,0,
calendar,app/Models/calendar/calendar/calendar.php,calendar_events,explicit,Y,Y,7,,,N,,N,default,N,26,24,1,1,
castModel,app/Models/castModel.php,caste,explicit,Y,N,4,,,N,,N,false,N,1,0,0,0,
EmailTemplate,app/Models/communication/EmailTemplate.php,email_templates,explicit,Y,Y,16,,,N,,N,default,N,1,1,0,0,
consent_masterModel,app/Models/consent/consent_masterModel.php,consent_master,explicit,Y,Y,15,,,N,,N,false,N,3,0,0,0,
donationModel,app/Models/custom_module/customMapModule/donationModel.php,donation_collection,explicit,Y,Y,,,Y,N,,Y,default,N,1,0,0,0,
manage_sms_api,app/Models/easy_com/manage_sms_api/manage_sms_api.php,sms_api_details,explicit,Y,Y,10,,,N,,N,default,N,12,1,0,0,
send_sms_parents,app/Models/easy_com/send_sms_parents/send_sms_parents.php,sms_sent_parents,explicit,Y,Y,8,,,N,,N,default,N,5,0,0,0,
errLog,app/Models/errLog.php,err_log,explicit,Y,N,8,,,N,,N,false,N,0,1,0,0,
ac_typeModel,app/Models/fees/NACH/ac_typeModel.php,NACH_ac_type,explicit,Y,?,5,,,N,,N,false,N,1,0,0,0,
bankmasterModel,app/Models/fees/bank_master/bankmasterModel.php,bank_master,explicit,Y,N,2,,,N,,N,false,N,11,0,0,0,
feesReceiptBookMasterModel,app/Models/fees/feesReceiptBookMasterModel.php,fees_receipt_book_master,explicit,Y,Y,23,,,N,,N,default,N,1,0,0,0,
fees_breackoff,app/Models/fees/fees_breackoff/fees_breackoff.php,fees_breackoff,explicit,Y,Y,13,,,N,,N,default,N,22,11,1,6,
feesCancelModel,app/Models/fees/fees_cancel/feesCancelModel.php,fees_cancel,explicit,Y,Y,14,,,N,,N,false,N,1,0,0,0,
feesRefundModel,app/Models/fees/fees_cancel/feesRefundModel.php,fees_refund,explicit,Y,Y,41,,,N,,N,false,N,0,0,0,0,
feesCircularMasterModel,app/Models/fees/fees_circular/feesCircularMasterModel.php,fees_circular_master,explicit,Y,Y,18,,,N,account_no,N,false,N,3,0,0,0,
feesCircularModel,app/Models/fees/fees_circular/feesCircularModel.php,fees_circular_log,explicit,Y,N,10,,,N,,N,false,N,1,0,0,0,
fees_collect,app/Models/fees/fees_collect/fees_collect.php,fees_collect,explicit,Y,Y,46,,,N,,N,false,N,57,23,3,4,
fees_title,app/Models/fees/fees_title/fees_title.php,fees_title,explicit,Y,Y,14,,,N,,N,default,N,32,13,1,5,
map_year,app/Models/fees/map_year/map_year.php,fees_map_years,explicit,Y,Y,8,,,N,,N,default,N,9,2,0,0,
other_fee_map,app/Models/fees/other_fee_map/other_fee_map.php,fees_paid_other,explicit,Y,Y,,,Y,N,,N,false,N,1,1,0,0,
other_fees_cancel,app/Models/fees/other_fees_cancel/other_fees_cancel.php,fees_other_cancel,explicit,Y,Y,13,,,N,,N,false,N,5,0,0,0,
other_fees_collect,app/Models/fees/other_fees_collect/other_fees_collect.php,fees_other_collection,explicit,Y,Y,20,,,N,,N,false,N,8,0,0,0,
other_fees_title,app/Models/fees/other_fees_title/other_fees_title.php,fees_other_head,explicit,Y,Y,,,Y,N,,N,false,N,10,0,0,0,
tblfeesConfigModel,app/Models/fees/tblfeesConfigModel.php,fees_config_master,explicit,Y,Y,21,,,N,pan_no,N,false,N,6,0,0,0,
tblfeesHeadTypeMasterModel,app/Models/fees/tblfeesHeadTypeMasterModel.php,fees_head_master,explicit,Y,Y,9,,,N,,N,false,N,1,0,0,0,
tblfeesLateModel,app/Models/fees/tblfeesLateModel.php,fees_late_master,explicit,Y,Y,11,,,N,,N,false,N,1,0,0,0,
FeesBreackoff,app/Models/fees_new/fees/fees_breackoff/FeesBreackoff.php,fees_breackoff,explicit,Y,Y,13,,,N,,N,default,N,1,0,0,0,
FeesCollect,app/Models/fees_new/fees/fees_collect/FeesCollect.php,fees_collect,explicit,Y,Y,46,,,N,,N,false,N,1,2,1,0,Y
circular,app/Models/front_desk/circular/circular.php,circular,explicit,Y,Y,12,,,N,,N,false,N,16,9,0,3,
classWorkModel,app/Models/front_desk/classWorkModel.php,classwork_attachment,explicit,Y,Y,,,Y,N,,Y,default,N,1,0,0,0,
create_timetable,app/Models/front_desk/create_timetable.php,create_timetable,explicit,Y,Y,,,Y,N,,N,default,N,2,1,0,0,
dicipline,app/Models/front_desk/dicipline/dicipline.php,dicipline,explicit,Y,Y,12,,,N,,N,default,N,10,1,2,0,
diciplineDD,app/Models/front_desk/dicipline/diciplineDD.php,dicipline_dd,explicit,Y,Y,,,Y,N,,Y,default,N,1,0,0,0,
diciplineMaster,app/Models/front_desk/dicipline/diciplineMaster.php,dicipline_master,explicit,Y,Y,,,Y,N,,Y,default,N,1,0,0,0,
leaveApplication,app/Models/front_desk/leave_application/leaveApplication.php,leave_applications,explicit,Y,Y,18,,,N,,N,default,N,2,0,0,0,
parentCommunication,app/Models/front_desk/parentCommunication/parentCommunication.php,parent_communication,explicit,Y,Y,12,,,N,,N,default,N,4,0,0,0,
PettyCashMasterModel,app/Models/frontdesk/PettyCashMasterModel.php,petty_cash_master,explicit,Y,Y,3,,,N,,N,false,N,7,0,0,0,
PettyCashModel,app/Models/frontdesk/PettyCashModel.php,petty_cash,explicit,Y,Y,10,,,N,,N,false,N,4,0,0,0,
complaintModel,app/Models/frontdesk/complaintModel.php,complaint,explicit,Y,N,17,,,N,,N,false,N,5,0,3,0,
frontdeskModel,app/Models/frontdesk/frontdeskModel.php,front_desk,explicit,Y,N,19,,,N,,N,false,N,3,0,3,0,
taskModel,app/Models/frontdesk/taskModel.php,task,explicit,Y,Y,19,,,N,,N,false,N,7,0,0,0,
general_dataModel,app/Models/general_dataModel.php,general_data,explicit,Y,Y,7,,,N,,N,false,N,1,0,0,0,
H5pScenario,app/Models/h5p/H5pScenario.php,h5p_scenarios,explicit,Y,Y,,ALL(guarded=[]),,N,,Y,default,N,1,0,0,0,
H5pScenarioPoint,app/Models/h5p/H5pScenarioPoint.php,h5p_scenario_points,explicit,Y,Y,,ALL(guarded=[]),,N,,Y,default,N,1,0,1,0,
admission_category_masterModel,app/Models/hostel_management/admission_category_masterModel.php,admission_category_master,explicit,Y,Y,6,,,N,,N,default,N,3,0,0,0,
hostel_building_masterModel,app/Models/hostel_management/hostel_building_masterModel.php,hostel_building_master,explicit,Y,Y,7,,,N,,N,default,N,2,0,1,0,
hostel_floor_masterModel,app/Models/hostel_management/hostel_floor_masterModel.php,hostel_floor_master,explicit,Y,Y,6,,,N,,N,default,N,2,0,1,0,
hostel_masterModel,app/Models/hostel_management/hostel_masterModel.php,hostel_master,explicit,Y,Y,10,,,N,,N,default,N,3,0,0,0,
hostel_room_masterModel,app/Models/hostel_management/hostel_room_masterModel.php,hostel_room_master,explicit,Y,Y,6,,,N,,N,default,N,1,0,0,0,
hostel_visitor_masterModel,app/Models/hostel_management/hostel_visitor_masterModel.php,hostel_visitor_master,explicit,Y,Y,13,,,N,,N,default,N,2,0,0,0,
hosteltypemasterModel,app/Models/hostel_management/hosteltypemasterModel.php,hostel_type_master,explicit,Y,Y,7,,,N,,N,default,N,3,0,0,0,
room_type_masterModel,app/Models/hostel_management/room_type_masterModel.php,room_type_master,explicit,Y,Y,6,,,N,,N,default,N,1,0,0,0,
tblhostelRoomAllocationModel,app/Models/hostel_management/tblhostelRoomAllocationModel.php,hostel_room_allocation,explicit,Y,Y,14,,,N,,N,false,N,1,0,0,0,
implementation_MasterModel,app/Models/implementation/implementation_MasterModel.php,implementation_master,explicit,Y,Y,16,,,N,,N,false,N,2,0,0,0,
inventory_generate_poModel,app/Models/inventory/inventory_generate_poModel.php,inventory_generate_po_details,explicit,Y,Y,30,,,N,,N,false,N,2,0,0,0,
inventory_item_allocationModel,app/Models/inventory/inventory_item_allocationModel.php,inventory_allocation_details,explicit,Y,N,11,,,N,,N,false,N,1,0,0,0,
inventory_item_category_masterModel,app/Models/inventory/inventory_item_category_masterModel.php,inventory_item_category_master,explicit,Y,Y,8,,,N,,N,default,N,5,0,1,0,
inventory_item_defectiveModel,app/Models/inventory/inventory_item_defectiveModel.php,inventory_item_defective_details,explicit,Y,N,18,,,N,,N,false,N,1,0,0,0,
inventory_item_direct_purchaseModel,app/Models/inventory/inventory_item_direct_purchaseModel.php,inventory_item_direct_purchase,explicit,Y,Y,18,,,N,,N,false,N,1,0,0,0,
inventory_item_lostModel,app/Models/inventory/inventory_item_lostModel.php,inventory_item_lost_details,explicit,Y,N,10,,,N,,N,false,N,1,0,0,0,
inventory_item_masterModel,app/Models/inventory/inventory_item_masterModel.php,inventory_item_master,explicit,Y,Y,15,,,N,,N,default,N,6,0,0,0,
inventory_item_quotationModel,app/Models/inventory/inventory_item_quotationModel.php,inventory_item_quotation_details,explicit,Y,Y,20,,,N,,N,false,N,1,0,0,0,
inventory_item_receivableModel,app/Models/inventory/inventory_item_receivableModel.php,inventory_item_receivable_details,explicit,Y,N,26,,,N,,N,false,N,1,0,0,0,
inventory_item_returnModel,app/Models/inventory/inventory_item_returnModel.php,inventory_item_return_details,explicit,Y,N,12,,,N,,N,false,N,1,0,0,0,
inventory_item_sub_category_masterModel,app/Models/inventory/inventory_item_sub_category_masterModel.php,inventory_item_sub_category_master,explicit,Y,Y,9,,,N,,N,default,N,4,0,0,0,
inventory_item_typeModel,app/Models/inventory/inventory_item_typeModel.php,inventory_item_type,explicit,Y,Y,5,,,N,,N,default,N,1,0,0,0,
inventory_master_setupModel,app/Models/inventory/inventory_master_setupModel.php,inventory_master_setup,explicit,Y,N,12,,,N,,N,default,N,3,0,0,0,
inventory_negotiate_poModel,app/Models/inventory/inventory_negotiate_poModel.php,inventory_negotiate_po_details,explicit,Y,Y,30,,,N,,N,false,N,1,0,0,0,
inventory_status_masterModel,app/Models/inventory/inventory_status_masterModel.php,inventory_requisition_status_master,explicit,Y,N,3,,,N,,N,default,N,2,0,0,0,
inventory_tax_masterModel,app/Models/inventory/inventory_tax_masterModel.php,inventory_tax_master,explicit,Y,Y,11,,,N,,N,false,N,1,0,0,0,
inventory_vendor_masterModel,app/Models/inventory/inventory_vendor_masterModel.php,inventory_vendor_master,explicit,Y,Y,31,,,N,pan_no;bank_account_no;bank_ifsc_code,N,false,N,4,0,0,0,
requisitionApprovedModel,app/Models/inventory/requisitionApprovedModel.php,inventory_requisition_details,explicit,Y,Y,24,,,N,,N,default,N,0,0,0,0,
requisitionModel,app/Models/inventory/requisitionModel.php,inventory_requisition_details,explicit,Y,Y,24,,,N,,N,default,N,4,0,0,0,
inwardModel,app/Models/inward_outward/inwardModel.php,inward,explicit,Y,Y,15,,,N,,N,default,N,2,0,0,0,
outwardModel,app/Models/inward_outward/outwardModel.php,outward,explicit,Y,Y,15,,,N,,N,default,N,2,0,0,0,
physical_file_locationModel,app/Models/inward_outward/physical_file_locationModel.php,physical_file_location,explicit,Y,Y,8,,,N,,N,default,N,3,0,2,0,
place_masterModel,app/Models/inward_outward/place_masterModel.php,place_master,explicit,Y,Y,6,,,N,,N,default,N,3,0,2,0,
itemScanDetail,app/Models/library/itemScanDetail.php,item_scan_details,explicit,Y,Y,,,Y,N,,Y,default,N,1,0,0,0,
itemStatus,app/Models/library/itemStatus.php,mst_item_status,explicit,Y,Y,,,Y,N,,Y,default,N,2,0,0,0,
ConceptPrerequisite,app/Models/lms/ConceptPrerequisite.php,concept_prerequisite,explicit,Y,Y,12,,,N,,N,default,N,0,2,0,1,
ContentAuthoringAudit,app/Models/lms/ContentAuthoringAudit.php,lms_content_authoring_audit,explicit,Y,Y,17,,,N,input_tokens;output_tokens,N,default,N,0,1,0,0,
ContentProvenance,app/Models/lms/ContentProvenance.php,lms_content_provenance,explicit,Y,N,11,,,N,,N,default,N,0,1,0,1,
ContentResourceMetadata,app/Models/lms/ContentResourceMetadata.php,lms_content_resource_metadata,explicit,Y,Y,14,,,N,,N,default,N,0,0,0,0,
LmsConceptMasteryLogModel,app/Models/lms/LmsConceptMasteryLogModel.php,lms_concept_mastery_log,explicit,Y,N,5,,,N,,N,default,N,1,0,1,0,
LmsConceptMasteryModel,app/Models/lms/LmsConceptMasteryModel.php,lms_concept_mastery,explicit,Y,N,4,,,N,,N,default,N,1,0,1,0,
LmsConceptModel,app/Models/lms/LmsConceptModel.php,lms_concept,explicit,Y,Y,15,,,N,,N,false,N,1,1,4,0,
LmsForgettingCurveModel,app/Models/lms/LmsForgettingCurveModel.php,lms_forgetting_curve,explicit,Y,N,7,,,N,,N,default,N,1,0,0,0,
LmsKnowledgeGraphModel,app/Models/lms/LmsKnowledgeGraphModel.php,lms_knowledge_graph,explicit,Y,N,4,,,N,,N,default,N,1,0,1,0,
LmsLessonPlan,app/Models/lms/LmsLessonPlan.php,lms_lesson_plan,explicit,Y,Y,,,Y,N,,N,false,N,1,0,0,0,
LmsLessonPlanDayWise,app/Models/lms/LmsLessonPlanDayWise.php,lms_lessonplan_dayswise,explicit,Y,Y,,,Y,N,,N,false,N,1,0,1,0,
answermasterModel,app/Models/lms/answermasterModel.php,answer_master,explicit,Y,Y,8,,,N,,N,false,N,12,1,0,0,
lms_assignmentModel,app/Models/lms/assignment/lms_assignmentModel.php,lms_assignment,explicit,Y,Y,35,,,N,,N,false,N,4,1,0,0,
chapterModel,app/Models/lms/chapterModel.php,chapter_master,explicit,Y,Y,13,,,N,,N,false,N,25,1,2,0,Y
contentLibraryModel,app/Models/lms/contentLibraryModel.php,contents,explicit,Y,Y,,ALL(guarded=[]),,N,,N,default,N,2,0,0,0,
contentModel,app/Models/lms/contentModel.php,content_master,explicit,Y,Y,35,,,N,,N,false,N,10,2,1,0,
contentmappingtypeModel,app/Models/lms/contentmappingtypeModel.php,content_mapping_type,explicit,Y,N,4,,,N,,N,false,N,4,0,0,0,
OnetCareerCluster,app/Models/lms/counselling/OnetCareerCluster.php,onet_career_cluster,explicit,N,?,,,Y,N,,N,false,N,2,0,0,0,
OnetContentModelReference,app/Models/lms/counselling/OnetContentModelReference.php,onet_content_model_reference,explicit,N,?,,,Y,N,,N,false,N,1,0,0,0,
OnetEmployer,app/Models/lms/counselling/OnetEmployer.php,onet_employer,explicit,Y,N,,,Y,N,,N,false,N,1,0,0,0,
OnetInstitutes,app/Models/lms/counselling/OnetInstitutes.php,onet_institute_data,explicit,Y,N,,,Y,N,,N,false,N,1,0,0,0,
OnetOccupationData,app/Models/lms/counselling/OnetOccupationData.php,onet_occupation_data,explicit,N,?,,,Y,N,,N,false,N,1,0,0,0,
StudentAmbition,app/Models/lms/counselling/StudentAmbition.php,student_ambitions,explicit,Y,N,8,,,N,,N,default,N,1,0,0,0,
StudentAspiration,app/Models/lms/counselling/StudentAspiration.php,student_aspirations,explicit,Y,N,17,,,N,,N,default,N,2,2,0,0,
StudentCareerOriginality,app/Models/lms/counselling/StudentCareerOriginality.php,student_career_originality,explicit,Y,N,8,,,N,,N,default,N,1,0,0,0,
counsellingAnswerModel,app/Models/lms/counselling/counsellingAnswerModel.php,counselling_answer_master,explicit,Y,Y,25,,,N,,N,false,N,2,0,0,0,
counsellingCourseModel,app/Models/lms/counselling/counsellingCourseModel.php,counselling_course,explicit,Y,Y,8,,,N,,N,false,N,1,0,0,0,
counsellingOnlineExamAnswerModel,app/Models/lms/counselling/counsellingOnlineExamAnswerModel.php,counselling_online_exam_answer,explicit,Y,N,8,,,N,,N,false,N,1,0,0,0,
counsellingOnlineExamModel,app/Models/lms/counselling/counsellingOnlineExamModel.php,counselling_online_exam,explicit,Y,Y,8,,,N,,N,false,N,3,0,0,0,
counsellingQuestionMappingModel,app/Models/lms/counselling/counsellingQuestionMappingModel.php,counselling_question_mapping,explicit,Y,N,4,,,N,,N,false,N,1,0,0,0,
counsellingQuestionModel,app/Models/lms/counselling/counsellingQuestionModel.php,counselling_question_master,explicit,Y,Y,11,,,N,,N,false,N,2,0,0,0,
doubtConversationModel,app/Models/lms/doubtConversationModel.php,lms_doubt_conversation,explicit,Y,Y,8,,,N,,N,false,N,2,0,0,0,
doubtModel,app/Models/lms/doubtModel.php,lms_doubt,explicit,Y,Y,13,,,N,,N,false,N,3,0,0,0,
flashcardModel,app/Models/lms/flashcardModel.php,lms_flashcard,explicit,Y,Y,14,,,N,,N,false,N,2,0,0,0,
gammaModel,app/Models/lms/gammaModel.php,gamma_ppt,explicit,Y,Y,21,,,N,,N,false,N,1,0,0,0,
H5pArithmeticQuiz,app/Models/lms/h5p/H5pArithmeticQuiz.php,h5p_arithmetic_quiz,explicit,Y,Y,,ALL(guarded=[]),,N,,Y,default,N,1,2,0,1,
H5pCoursePresentation,app/Models/lms/h5p/H5pCoursePresentation.php,h5p_course_presentation,explicit,Y,Y,,ALL(guarded=[]),,N,,Y,default,N,1,2,2,1,
H5pDragDrop,app/Models/lms/h5p/H5pDragDrop.php,h5p_drag_drop,explicit,Y,Y,,ALL(guarded=[]),,N,,Y,default,N,2,3,4,1,
H5pDragDropElement,app/Models/lms/h5p/H5pDragDropElement.php,h5p_drag_drop_elements,explicit,Y,Y,,ALL(guarded=[]),,N,,Y,default,N,1,0,1,1,
H5pDragDropZone,app/Models/lms/h5p/H5pDragDropZone.php,h5p_drag_drop_zones,explicit,Y,Y,,ALL(guarded=[]),,N,,Y,default,N,1,0,1,1,
H5pImageHotspotPoint,app/Models/lms/h5p/H5pImageHotspotPoint.php,h5p_image_hotspot_points,explicit,Y,Y,,ALL(guarded=[]),,N,,Y,default,N,1,0,1,1,
H5pImageHotspots,app/Models/lms/h5p/H5pImageHotspots.php,h5p_image_hotspots,explicit,Y,Y,,ALL(guarded=[]),,N,,Y,default,N,1,2,1,1,
H5pInteractiveVideo,app/Models/lms/h5p/H5pInteractiveVideo.php,h5p_interactive_video,explicit,Y,Y,,ALL(guarded=[]),,N,,Y,default,N,1,0,1,0,
H5pMemoryGame,app/Models/lms/h5p/H5pMemoryGame.php,h5p_memory_game,explicit,Y,Y,,ALL(guarded=[]),,N,,Y,default,N,1,2,1,1,
H5pMemoryGameCard,app/Models/lms/h5p/H5pMemoryGameCard.php,h5p_memory_game_cards,explicit,Y,Y,,ALL(guarded=[]),,N,,Y,default,N,1,1,1,1,
H5pPresentationSlide,app/Models/lms/h5p/H5pPresentationSlide.php,h5p_presentation_slides,explicit,Y,Y,,ALL(guarded=[]),,N,,Y,default,N,1,1,2,1,
H5pSingleChoiceOption,app/Models/lms/h5p/H5pSingleChoiceOption.php,h5p_single_choice_options,explicit,Y,Y,,ALL(guarded=[]),,N,,Y,default,N,1,0,2,1,
H5pSingleChoiceQuestion,app/Models/lms/h5p/H5pSingleChoiceQuestion.php,h5p_single_choice_questions,explicit,Y,Y,,ALL(guarded=[]),,N,,Y,default,N,1,1,2,1,
H5pSingleChoiceSet,app/Models/lms/h5p/H5pSingleChoiceSet.php,h5p_single_choice_set,explicit,Y,Y,,ALL(guarded=[]),,N,,Y,default,N,1,2,2,1,
H5pSlideElement,app/Models/lms/h5p/H5pSlideElement.php,h5p_slide_elements,explicit,Y,Y,,ALL(guarded=[]),,N,,Y,default,N,1,1,2,1,
H5pTextActivity,app/Models/lms/h5p/H5pTextActivity.php,h5p_text_activity,explicit,Y,Y,,ALL(guarded=[]),,N,,Y,default,N,1,2,2,1,
H5pTextActivityBlank,app/Models/lms/h5p/H5pTextActivityBlank.php,h5p_text_activity_blanks,explicit,Y,Y,,ALL(guarded=[]),,N,,Y,default,N,1,0,1,1,
H5pTrueFalse,app/Models/lms/h5p/H5pTrueFalse.php,h5p_true_false,explicit,Y,Y,,ALL(guarded=[]),,N,,Y,default,N,1,2,1,1,
H5pTrueFalseQuestion,app/Models/lms/h5p/H5pTrueFalseQuestion.php,h5p_true_false_questions,explicit,Y,Y,,ALL(guarded=[]),,N,,Y,default,N,1,0,1,1,
H5pVideoInteraction,app/Models/lms/h5p/H5pVideoInteraction.php,h5p_video_interactions,explicit,Y,N,,ALL(guarded=[]),,N,,Y,default,N,1,0,1,0,
h5pFlashcard,app/Models/lms/h5p/h5pFlashcard.php,h5p_flashcard,explicit,Y,Y,,ALL(guarded=[]),,N,,Y,default,N,1,0,1,0,
lb_masterModel,app/Models/lms/leaderboard/lb_masterModel.php,lb_master,explicit,Y,Y,11,,,N,,N,false,N,1,0,0,0,
lb_pointsModel,app/Models/lms/leaderboard/lb_pointsModel.php,lb_points,explicit,Y,Y,10,,,N,,N,false,N,0,0,0,0,
jobOccupation,app/Models/lms/library/jobOccupation.php,s_jobrole,explicit,N,?,,,Y,N,,N,default,N,2,0,0,0,
jobroleSkillModel,app/Models/lms/library/jobroleSkillModel.php,s_jobrole_skills,explicit,N,?,,,Y,N,,N,default,N,2,0,0,0,
jobroleTaskModel,app/Models/lms/library/jobroleTaskModel.php,s_jobrole_task,explicit,N,?,,,Y,N,,N,default,N,1,0,0,0,
lmsContentCategoryModel,app/Models/lms/lmsContentCategoryModel.php,lms_content_category,explicit,Y,Y,4,,,N,,N,false,N,6,0,0,0,
lmsOfflineExamAnswerModel,app/Models/lms/lmsOfflineExamAnswerModel.php,lms_offline_exam_answer,explicit,Y,N,8,,,N,,N,false,N,2,0,0,0,
lmsOfflineExamModel,app/Models/lms/lmsOfflineExamModel.php,lms_offline_exam,explicit,Y,Y,11,,,N,,N,false,N,3,0,0,0,
lmsOnlineExamAnswerModel,app/Models/lms/lmsOnlineExamAnswerModel.php,lms_online_exam_answer,explicit,Y,N,9,,,N,,N,false,N,4,0,0,0,
lmsOnlineExamAnswerStudent,app/Models/lms/lmsOnlineExamAnswerStudent.php,lms_online_exam_answer_student,explicit,Y,N,8,,,N,,N,default,N,1,0,0,0,
lmsOnlineExamModel,app/Models/lms/lmsOnlineExamModel.php,lms_online_exam,explicit,Y,N,8,,,N,,N,false,N,4,0,0,0,
lmsOnlineExamStudent,app/Models/lms/lmsOnlineExamStudent.php,lms_online_exam_student,explicit,Y,N,,,Y,N,,N,default,N,1,0,0,0,
lmsQuestionMappingModel,app/Models/lms/lmsQuestionMappingModel.php,lms_question_mapping,explicit,Y,N,4,,,N,,N,false,N,6,1,0,0,
lmsQuestionMasterModel,app/Models/lms/lmsQuestionMasterModel.php,lms_question_master,explicit,Y,Y,26,,,N,,Y,false,N,13,1,0,0,
lmsmappingtypeModel,app/Models/lms/lmsmappingtypeModel.php,lms_mapping_type,explicit,Y,N,8,,,N,,N,false,N,9,1,0,0,
locategoryModel,app/Models/lms/locategoryModel.php,lo_category,explicit,Y,Y,12,,,N,,N,false,N,1,0,0,0,
loindicatorModel,app/Models/lms/loindicatorModel.php,lo_indicator,explicit,Y,Y,14,,,N,,N,false,N,1,0,0,0,
lomasterModel,app/Models/lms/lomasterModel.php,lo_master,explicit,Y,Y,14,,,N,,N,false,N,3,0,0,0,
masterSkill,app/Models/lms/masterSkill.php,master_skills,explicit,Y,Y,,,Y,N,,Y,default,N,1,0,0,0,
portfolioModel,app/Models/lms/portfolioModel.php,lms_portfolio,explicit,Y,Y,12,,,N,,N,false,N,1,0,0,0,
questioncategoryModel,app/Models/lms/questioncategoryModel.php,question_category_master,explicit,N,?,5,,,N,,N,false,N,1,0,0,0,
questionlevelModel,app/Models/lms/questionlevelModel.php,question_level_master,explicit,N,?,4,,,N,,N,false,N,1,0,0,0,
questionmasterModel,app/Models/lms/questionmasterModel.php,question_master,explicit,Y,Y,18,,,N,,N,false,N,2,0,0,0,
questionpaperModel,app/Models/lms/questionpaperModel.php,question_paper,explicit,Y,Y,27,,,N,,N,false,N,13,1,0,0,
questiontypeModel,app/Models/lms/questiontypeModel.php,question_type_master,explicit,Y,Y,7,,,N,,N,false,N,4,0,0,0,
teacherResourceModel,app/Models/lms/teacherResourceModel.php,lms_teacher_resource,explicit,Y,Y,17,,,N,,N,false,N,3,0,0,0,
topicModel,app/Models/lms/topicModel.php,topic_master,explicit,Y,Y,11,,,N,,N,false,N,13,0,2,0,Y
userActivityModel,app/Models/lms/userActivityModel.php,user_activities,explicit,Y,Y,,ALL(guarded=[]),,N,,N,default,N,2,0,0,0,
virtualclassroomModel,app/Models/lms/virtualclassroomModel.php,lms_virtual_classroom,explicit,Y,Y,22,,,N,password,N,false,N,3,0,0,0,
lmslmsData,app/Models/lmslmsData.php,lms_data,explicit,N,?,,,Y,N,,N,default,N,1,0,0,0,
loginModel,app/Models/loginModel.php,tbluser,explicit,Y,Y,31,,,N,password;otp;plain_password,N,false,N,3,0,0,0,
mobile_dynamic_pageModel,app/Models/mobile_dynamic_pageModel.php,mobile_dynamic_page,explicit,Y,Y,8,,,N,,N,false,N,2,0,1,0,
mobile_dynamic_page_fieldModel,app/Models/mobile_dynamic_page_fieldModel.php,mobile_dynamic_page_field,explicit,Y,N,10,,,N,,N,false,N,1,0,1,0,
mobile_homescreenModel,app/Models/mobile_homescreenModel.php,mobile_homescreen,explicit,Y,Y,23,,,N,,N,false,N,1,0,0,0,
mobile_pageModel,app/Models/mobile_pageModel.php,mobile_pages,explicit,Y,Y,11,,,N,,N,false,N,3,0,1,0,
mobile_page_versionModel,app/Models/mobile_page_versionModel.php,mobile_page_versions,explicit,Y,N,9,,,N,,N,false,N,1,0,1,0,
normClature,app/Models/normClature.php,app_language,explicit,Y,Y,8,,,N,,N,default,N,1,1,0,0,
OnboardingModuleModel,app/Models/onboarding/OnboardingModuleModel.php,onboarding_module,explicit,Y,Y,8,,,N,,N,default,N,1,1,1,0,
OnboardingProgressModel,app/Models/onboarding/OnboardingProgressModel.php,onboarding_progress,explicit,Y,Y,11,,,N,,N,default,N,1,1,0,0,
OnboardingStepModel,app/Models/onboarding/OnboardingStepModel.php,onboarding_step,explicit,Y,N,19,,,N,,N,default,N,1,1,1,0,
ptmattenedstatusModel,app/Models/ptm/ptmattenedstatusModel.php,ptm_booking_master,explicit,Y,N,13,,,N,,N,false,N,2,0,0,0,
ptmtimeslotmasterModel,app/Models/ptm/ptmtimeslotmasterModel.php,ptm_time_slots_master,explicit,Y,Y,12,,,N,,N,false,N,1,0,0,0,
requirementGathering,app/Models/requirementGathering.php,requirement_gathering,explicit,Y,Y,,,Y,N,,N,default,N,1,0,0,0,
ExamMaster,app/Models/result/ExamMaster/ExamMaster.php,result_exam_master,explicit,Y,N,8,,,N,,N,default,N,2,0,0,0,
ExamTypeMater,app/Models/result/ExamTypeMaster/ExamTypeMater.php,result_exam_type_master,explicit,Y,N,8,,,N,,N,default,N,2,0,0,0,
GradeMaster,app/Models/result/GradeMaster/GradeMaster.php,grade_master,explicit,Y,Y,6,,,N,,N,default,N,3,0,1,0,
GradeMasterData,app/Models/result/GradeMaster/GradeMasterData.php,grade_master_data,explicit,Y,Y,11,,,N,,N,default,N,1,0,0,0,
co_scholastic,app/Models/result/co_scholastic/co_scholastic.php,result_co_scholastic,explicit,Y,Y,12,,,N,,N,default,N,7,0,1,0,
co_scholastic_grade,app/Models/result/co_scholastic/co_scholastic_grade.php,result_co_scholastic_grades,explicit,Y,Y,7,,,N,,N,default,N,1,0,0,0,
co_scholastic_marks_entry,app/Models/result/co_scholastic_marks_entry/co_scholastic_marks_entry.php,result_co_scholastic_marks_entries,explicit,Y,Y,12,,,N,,N,default,N,4,1,0,0,
co_scholastic_master,app/Models/result/co_scholastic_master/co_scholastic_master.php,co_scholastic_master,explicit,N,?,6,,,N,,N,default,N,4,0,0,0,
exam_creation,app/Models/result/create_exam/exam_creation.php,result_create_exam,explicit,Y,Y,18,,,N,,N,default,N,4,0,0,0,
marks_entry,app/Models/result/marks_entry/marks_entry.php,result_marks,explicit,Y,Y,11,,,N,,N,default,N,5,1,0,0,
result_book_master,app/Models/result/result_book_master/result_book_master.php,result_book_master,explicit,Y,Y,6,,,N,,N,default,N,13,0,1,0,
result_trust_master,app/Models/result/result_book_master/result_trust_master.php,result_trust_master,explicit,Y,Y,12,,,N,,N,default,N,12,0,0,0,
result_html_model,app/Models/result/result_html_model.php,result_html,explicit,Y,Y,11,,,N,,N,false,N,4,0,0,0,
result_master_confrigration,app/Models/result/result_master/result_master_confrigration.php,result_master_confrigration,explicit,Y,Y,17,,,N,,N,default,N,12,0,0,0,
result_remark_master,app/Models/result/result_remark_mater/result_remark_master.php,result_remark_masters,explicit,Y,Y,9,,,N,,N,default,N,3,0,0,0,
result_template,app/Models/result/result_template.php,result_template_master,explicit,Y,Y,11,,,N,,N,false,N,4,0,0,0,
std_grd_maping,app/Models/result/std_grade_maping/std_grd_maping.php,std_grd_mapings,convention,N,?,,,Y,N,,N,default,N,3,0,1,0,Y
std_grd_maping,app/Models/result/std_grd_mapping/std_grd_maping.php,result_std_grd_maping,explicit,Y,Y,6,,,N,,N,default,N,3,0,1,0,Y
student_attendance_master,app/Models/result/student_attendance_master/student_attendance_master.php,result_student_attendance_master,explicit,Y,Y,13,,,N,,N,default,N,3,0,0,0,
upload_result_model,app/Models/result/upload_result/upload_result_model.php,upload_result,explicit,Y,Y,11,,,N,,N,false,N,1,0,0,0,
working_day_master,app/Models/result/working_day_master/working_day_master.php,result_working_day_master,explicit,Y,Y,8,,,N,,N,default,N,3,0,0,0,
school_setupModel,app/Models/school_setupModel.php,school_setup,explicit,Y,N,23,,,N,,N,false,N,7,1,0,0,
SchoolModel,app/Models/school_setup/SchoolModel.php,school_setup,explicit,Y,N,22,,,N,,N,default,N,25,0,0,0,
academic_sectionModel,app/Models/school_setup/academic_sectionModel.php,academic_section,explicit,Y,Y,10,,,N,,N,default,N,15,0,0,0,
academic_yearModel,app/Models/school_setup/academic_yearModel.php,academic_year,explicit,Y,Y,15,,,N,,N,default,N,7,0,0,0,
batchModel,app/Models/school_setup/batchModel.php,batch,explicit,Y,Y,10,,,N,,N,default,N,5,0,0,0,
bloodgroupModel,app/Models/school_setup/bloodgroupModel.php,blood_group,explicit,Y,N,2,,,N,,N,false,N,4,0,0,0,
casteModel,app/Models/school_setup/casteModel.php,caste,explicit,Y,N,2,,,N,,N,false,N,4,0,0,0,
chapterModel,app/Models/school_setup/chapterModel.php,chapter_master,explicit,Y,Y,13,,,N,,N,false,N,25,1,2,0,Y
classteacherModel,app/Models/school_setup/classteacherModel.php,class_teacher,explicit,Y,Y,9,,,N,,N,default,N,4,0,0,0,
divisionCapacityMasterModel,app/Models/school_setup/divisionCapacityMasterModel.php,division_capacity_master,explicit,Y,Y,12,,,N,,N,false,N,1,0,0,0,
divisionModel,app/Models/school_setup/divisionModel.php,division,explicit,Y,Y,5,,,N,,N,default,N,12,0,1,0,
lessonplanningModel,app/Models/school_setup/lessonplanningModel.php,lessonplan,explicit,Y,Y,16,,,N,,N,default,N,5,0,0,0,
lessonplanning_executionModel,app/Models/school_setup/lessonplanning_executionModel.php,lessonplan_execution,explicit,Y,Y,14,,,N,,N,default,N,3,0,0,0,
periodModel,app/Models/school_setup/periodModel.php,period,explicit,Y,Y,15,,,N,,N,default,N,6,0,0,0,
proxyModel,app/Models/school_setup/proxyModel.php,proxy_master,explicit,Y,Y,16,,,N,,N,default,N,4,0,0,0,
religionModel,app/Models/school_setup/religionModel.php,religion,explicit,Y,N,2,,,N,,N,false,N,4,0,0,0,
standardModel,app/Models/school_setup/standardModel.php,standard,explicit,Y,Y,13,,,N,,N,false,N,28,0,2,0,
std_div_mappingModel,app/Models/school_setup/std_div_mappingModel.php,std_div_map,explicit,Y,Y,6,,,N,,N,default,N,14,0,0,0,
student_optional_subjectModel,app/Models/school_setup/student_optional_subjectModel.php,student_optional_subject,explicit,Y,Y,5,,,N,,N,false,N,1,0,0,0,
sub_std_mapModel,app/Models/school_setup/sub_std_mapModel.php,sub_std_map,explicit,Y,Y,27,,,N,,Y,default,N,27,0,0,0,
subjectModel,app/Models/school_setup/subjectModel.php,subject,explicit,Y,Y,10,,,N,,N,default,N,18,0,1,0,
timetableModel,app/Models/school_setup/timetableModel.php,timetable,explicit,Y,Y,15,,,N,,N,default,N,11,0,0,0,
topicModel,app/Models/school_setup/topicModel.php,topic_master,explicit,Y,Y,11,,,N,,N,false,N,13,0,2,0,Y
instituteDetailModel,app/Models/settings/instituteDetailModel.php,institute_detail,explicit,Y,Y,26,,,N,,N,false,N,1,0,0,0,
masterFieldInstituteModel,app/Models/settings/masterFieldInstituteModel.php,master_fields_institute,explicit,Y,Y,,,Y,N,,Y,default,N,4,0,0,0,
masterFieldModel,app/Models/settings/masterFieldModel.php,master_fields,explicit,Y,N,,,Y,N,,N,default,N,4,0,0,0,
mastreFieldsTable,app/Models/settings/mastreFieldsTable.php,master_fields_table,explicit,Y,Y,,,Y,N,,Y,default,N,1,0,0,0,
organizationDetails,app/Models/settings/organizationDetails.php,org_details,explicit,Y,Y,,ALL(guarded=[]),,N,,N,default,N,2,0,0,0,
organizationSisterDetails,app/Models/settings/organizationSisterDetails.php,org_sister_details,explicit,Y,Y,,ALL(guarded=[]),,N,,N,default,N,1,0,1,0,
tblcustomfieldsModel,app/Models/settings/tblcustomfieldsModel.php,tblcustom_fields,explicit,Y,Y,17,,,N,,N,false,N,16,0,0,0,
tblfields_dataModel,app/Models/settings/tblfields_dataModel.php,tblfields_data,explicit,Y,N,12,,,N,,N,false,N,13,0,0,0,
templateMasterModel,app/Models/settings/templateMasterModel.php,template_master,explicit,Y,Y,8,,,N,,N,false,N,2,0,0,0,
AssessmentLibrary,app/Models/skill/AssessmentLibrary.php,s_assessment_library,explicit,Y,N,9,,,N,,N,false,N,1,0,0,0,
matrix,app/Models/skill/matrix.php,s_skill_matrix,explicit,Y,N,4,,,N,,N,false,N,20,13,0,1,
skill,app/Models/skill/skill.php,master_skills,explicit,Y,Y,8,,,N,,N,false,N,31,29,3,2,
sqaa_document,app/Models/sqaa/sqaa_document.php,sqaa_documents,explicit,Y,Y,11,,,N,,N,false,N,4,0,0,0,
sqaa_mark,app/Models/sqaa/sqaa_mark.php,sqaa_marks,explicit,Y,Y,7,,,N,,N,false,N,4,0,0,0,
sqaa_master,app/Models/sqaa/sqaa_master.php,sqaa_master,explicit,Y,Y,11,,,N,,N,false,N,4,1,0,1,
studentCaptureAttendanceModel,app/Models/studentCaptureAttendanceModel.php,student_capture_attendance,explicit,Y,Y,8,,,N,,N,false,N,1,0,0,0,
studentCapturePhotosModel,app/Models/studentCapturePhotosModel.php,student_capture_photos,explicit,Y,Y,6,,,N,,N,false,N,1,0,0,0,
Anacdotal,app/Models/student/Anacdotal.php,student_anacdotal,explicit,Y,Y,12,,,N,,N,false,N,3,0,0,0,
appNotificationModel,app/Models/student/appNotificationModel.php,app_notification,explicit,Y,N,13,,,N,,N,false,N,1,1,0,0,
documentTypeModel,app/Models/student/documentTypeModel.php,student_document_type,explicit,Y,N,5,,,N,,N,false,N,4,0,0,0,
houseModel,app/Models/student/houseModel.php,house_master,explicit,Y,Y,8,,,N,,N,false,N,4,0,0,0,
studentChangeRequestTypeModel,app/Models/student/studentChangeRequestTypeModel.php,STUDENT_CHANGE_REQ_TYPE,explicit,Y,?,9,,,N,,N,false,N,2,0,0,0,
studentHWModel,app/Models/student/studentHWModel.php,student_height_weight,explicit,Y,Y,12,,,N,,N,false,N,3,0,0,0,
studentHealthModel,app/Models/student/studentHealthModel.php,student_health,explicit,Y,Y,13,,,N,,N,false,N,3,0,0,0,
studentHomeworkModel,app/Models/student/studentHomeworkModel.php,homework,explicit,Y,Y,49,,,N,,N,false,N,4,2,0,0,
studentInfirmaryModel,app/Models/student/studentInfirmaryModel.php,student_infirmary,explicit,Y,Y,17,,,N,,N,false,N,4,0,0,0,
studentQuotaModel,app/Models/student/studentQuotaModel.php,student_quota,explicit,Y,Y,6,,,N,,N,false,N,5,0,0,0,
studentRequestModel,app/Models/student/studentRequestModel.php,student_change_request,explicit,Y,N,15,,,N,,N,false,N,1,0,0,0,
studentVaccinationModel,app/Models/student/studentVaccinationModel.php,student_vaccination,explicit,Y,Y,12,,,N,,N,false,N,6,0,0,0,
tblcityModel,app/Models/student/tblcityModel.php,tblcity,explicit,Y,N,4,,,N,,N,false,N,1,0,0,0,
tblstateModel,app/Models/student/tblstateModel.php,tblstate,explicit,Y,N,2,,,N,,N,false,N,1,0,0,0,
tblstudentDocumentModel,app/Models/student/tblstudentDocumentModel.php,tblstudent_document,explicit,Y,Y,7,,,N,,N,false,N,3,0,0,0,
tblstudentEnrollmentModel,app/Models/student/tblstudentEnrollmentModel.php,tblstudent_enrollment,explicit,Y,Y,22,,,N,,N,false,N,14,0,0,0,
tblstudentFamilyHistoryModel,app/Models/student/tblstudentFamilyHistoryModel.php,tblstudent_family_history,explicit,Y,Y,0,,,N,,N,false,N,3,0,0,0,
tblstudentFeesDetailModel,app/Models/student/tblstudentFeesDetailModel.php,tblstudent_bank_detail,explicit,Y,Y,14,,,N,ifsc_code,N,false,N,2,0,0,0,
tblstudentModel,app/Models/student/tblstudentModel.php,tblstudent,explicit,Y,Y,99,,,N,password;otp;aadhar_document_upload;ifsc_code;admission_token_no;pan_card,N,false,N,38,1,3,0,
tblstudentParentFeedbackModel,app/Models/student/tblstudentParentFeedbackModel.php,tblstudent_parent_feedback,explicit,Y,Y,10,,,N,,N,false,N,3,0,0,0,
tblstudentPastEducationModel,app/Models/student/tblstudentPastEducationModel.php,tblstudent_past_education,explicit,Y,Y,12,,,N,,N,false,N,3,0,0,0,
tblstudentPaymentMethodMappingModel,app/Models/student/tblstudentPaymentMethodMappingModel.php,tblstudent_payment_method_mapping,explicit,Y,Y,10,,,N,,N,false,N,2,0,0,0,
tblstudentQuotaModel,app/Models/student/tblstudentQuotaModel.php,student_quota,explicit,Y,Y,6,,,N,,N,false,N,2,0,0,0,
tblstudentTcModel,app/Models/student/tblstudentTcModel.php,tblstudent_tc_details,explicit,Y,Y,31,,,N,,N,false,N,2,0,0,0,
tblapplicationModel,app/Models/tblapplicationModel.php,tblapplications,explicit,Y,N,5,,,N,app_secret_key,N,default,N,0,0,0,0,
tblclientModel,app/Models/tblclientModel.php,tblclient,explicit,Y,N,30,,,N,db_password,N,false,N,1,0,0,0,
tblmenumasterModel,app/Models/tblmenumasterModel.php,tblmenumaster,explicit,Y,Y,22,,,N,,N,default,N,10,2,0,0,
teacher_mobile_homescreenModel,app/Models/teacher_mobile_homescreenModel.php,teacher_mobile_homescreen,explicit,Y,Y,24,,,N,,N,false,N,1,0,0,0,
temp_signupModel,app/Models/temp_signupModel.php,temp_signup,explicit,Y,N,15,,,N,otp,N,false,N,2,0,0,0,
tourModel,app/Models/tourModel.php,erptour,explicit,Y,Y,11,,,N,,N,false,N,3,1,0,0,
add_driver,app/Models/transportation/add_driver/add_driver.php,transport_driver_detail,explicit,Y,Y,10,,,N,,N,default,N,4,0,0,0,
add_route,app/Models/transportation/add_route/add_route.php,transport_route,explicit,Y,Y,8,,,N,,N,default,N,2,0,0,0,
add_stop,app/Models/transportation/add_stop/add_stop.php,transport_stop,explicit,Y,Y,6,,,N,,N,default,N,2,0,0,0,
add_transport_kilometer_rate,app/Models/transportation/add_vehicle/add_transport_kilometer_rate.php,transport_kilometer_rate,explicit,Y,Y,11,,,N,,N,default,N,1,0,0,0,
add_vehicle,app/Models/transportation/add_vehicle/add_vehicle.php,transport_vehicle,explicit,Y,Y,12,,,N,,N,default,N,5,0,2,0,
add_vehicle_type,app/Models/transportation/add_vehicle/add_vehicle_type.php,transport_vehicle_type,explicit,Y,N,3,,,N,,N,default,N,0,0,0,0,
map_route_bus,app/Models/transportation/map_route_bus/map_route_bus.php,transport_route_bus,explicit,Y,Y,7,,,N,,N,default,N,2,0,0,0,
map_route_stop,app/Models/transportation/map_route_stop/map_route_stop.php,transport_route_stop,explicit,Y,Y,9,,,N,,N,default,N,2,0,0,0,
map_student,app/Models/transportation/map_student/map_student.php,transport_map_student,explicit,Y,Y,16,,,N,,N,default,N,4,0,0,0,
send_late_sms,app/Models/transportation/send_late_sms/send_late_sms.php,send_late_smses,convention,N,?,,,Y,N,,N,default,N,1,0,0,0,
transport_rate,app/Models/transportation/transport_rate/transport_rate.php,transport_kilometer_rate,explicit,Y,Y,,,Y,N,,N,false,N,2,0,0,0,
tblgroupwise_rightsModel,app/Models/user/tblgroupwise_rightsModel.php,tblgroupwise_rights,explicit,Y,Y,9,,,N,,N,false,N,5,0,0,0,
tblindividual_rightsModel,app/Models/user/tblindividual_rightsModel.php,tblindividual_rights,explicit,Y,Y,11,,,N,,N,false,N,2,0,0,0,
tbluserModel,app/Models/user/tbluserModel.php,tbluser,explicit,Y,Y,93,,,N,password;otp;plain_password;account_no;ifsc_code;pan_no;fcm_token,N,false,N,50,2,14,0,
tbluserPastEducationModel,app/Models/user/tbluserPastEducationModel.php,tbluser_past_education,explicit,Y,Y,14,,,N,,N,false,N,1,0,0,0,
tbluserprofilemasterModel,app/Models/user/tbluserprofilemasterModel.php,tbluserprofilemaster,explicit,Y,Y,11,,,N,,N,false,N,15,0,0,0,
visitor_masterModel,app/Models/visitor_management/visitor_masterModel.php,visitor_master,explicit,Y,Y,21,,,N,,N,false,N,2,0,0,0,
visitor_typeModel,app/Models/visitor_management/visitor_typeModel.php,visitor_type,explicit,Y,Y,4,,,N,,N,false,N,1,0,0,0,
